{
  "project_info": {
    "project_number": "630358731895",
    "firebase_url": "https://bluestone-e55b8.firebaseio.com",
    "project_id": "bluestone-e55b8",
    "storage_bucket": "bluestone-e55b8.appspot.com"
  },
  "client": [
    {
      "client_info": {
        "mobilesdk_app_id": "1:630358731895:android:a0c9cd4bdb0f838f",
        "android_client_info": {
          "package_name": "com.example.bluestone"
        }
      },
      "oauth_client": [
        {
          "client_id": "630358731895-pllbsigatta1vovr7hjtqm9je45kpf3s.apps.googleusercontent.com",
          "client_type": 3
        }
      ],
      "api_key": [
        {
          "current_key": "AIzaSyDnpkBm6sGZwsMMBIg-gzUE0qJELPQ0p4M"
        }
      ],
      "services": {
        "analytics_service": {
          "status": 1
        },
        "appinvite_service": {
          "status": 1,
          "other_platform_oauth_client": []
        },
        "ads_service": {
          "status": 2
        }
      }
    }
  ],
  "configuration_version": "1"
}